Title,Date
"How to Fix a Drug Scandal: Limited Series: Episode 4","4/3/20"
"How to Fix a Drug Scandal: Limited Series: Episode 3","4/3/20"
"How to Fix a Drug Scandal: Limited Series: Episode 2","4/2/20"
"How to Fix a Drug Scandal: Limited Series: Episode 1","4/2/20"
"Jaws","3/15/24"
"Feel Good: Season 1: Episode 6","4/2/20"
"Feel Good: Season 1: Episode 5","4/2/20"
"Feel Good: Season 1: Episode 4","4/2/20"
"Feel Good: Season 1: Episode 3","4/2/20"
"Feel Good: Season 1: Episode 2","4/2/20"
"Feel Good: Season 1: Episode 1","4/2/20"
"A Bad Moms Christmas","3/30/20"
"The Secret Life of Pets 2","3/29/20"
"Trixie Mattel: Moving Parts","3/29/20"
"Self Made: Inspired by the Life of Madam C.J. Walker: Limited Series: A Credit to the Race","3/28/20"
"Movie 43","3/25/20"
"I AM A KILLER: Season 1: Family Affair","3/19/20"
"I AM A KILLER: Season 1: Declared Competent","3/19/20"
"100 Humans: Season 1: What Makes Us Attractive?","3/17/20"
"All The Bright Places","3/16/20"
"I Think You Should Leave with Tim Robinson: Season 1: Has This Ever Happened To You?","3/16/20"
"Gentefied: Season 1: Bail Money","3/15/20"
"Gentefied: Season 1: Casimiro","3/15/20"
"Lost Girls","3/15/20"
"Taylor Tomlinson: Quarter-Life Crisis","3/15/20"
"Love Exposure","3/15/20"
